id,degree
0,2
1,2
2,2
3,2
4,2
5,2
6,2
7,3
8,2
9,2
10,2
11,2
12,2
13,2
14,3
15,2
16,2
17,2
18,4
19,2
20,3
21,2
22,3
23,4
24,3
25,2
26,3
27,3
28,2
29,2
30,3
31,4
32,2
33,2
34,3
35,3
36,2
37,2
38,3
39,2
40,2
41,2
42,2
43,2
44,2
45,3
46,3
47,2
48,4
49,4
50,2
51,2
52,2
53,2
54,3
55,4
56,1
57,4
58,4
59,3
60,2
61,2
62,3
63,2
64,2
65,2
66,3
67,4
68,3
69,4
70,4
71,2
72,4
73,4
74,4
75,3
76,2
77,2
78,4
79,2
80,2
81,2
82,4
83,4
84,2
85,2
86,2
87,4
88,4
89,2
90,2
91,2
92,2
93,4
94,3
95,2
96,3
97,4
98,2
99,2
100,4
101,2
102,3
103,4
104,2
105,2
106,2
107,3
108,2
109,2
110,2
111,2
112,2
113,2
114,2
115,3
116,2
117,2
118,2
119,2
120,2
121,2
122,2
123,3
124,3
125,2
126,2
127,3
128,2
129,4
130,2
131,4
132,4
133,3
134,3
135,2
136,2
137,3
138,3
139,3
140,4
141,3
142,4
143,3
144,3
145,3
146,2
147,2
148,3
149,2
150,2
151,2
152,2
153,2
154,4
155,2
156,2
157,2
158,2
159,2
160,2
161,2
162,2
163,4
164,3
165,2
166,2
167,2
168,2
169,4
170,3
171,2
172,2
173,2
174,3
175,2
176,2
177,2
178,4
179,3
180,4
181,2
182,3
183,4
184,2
185,3
186,4
187,4
188,2
189,2
190,2
191,3
192,2
193,4
194,4
195,2
196,3
197,4
198,2
199,3
200,2
201,2
202,4
203,3
204,3
205,2
206,3
207,2
208,2
209,2
210,3
211,2
212,2
213,2
214,2
215,2
216,2
217,2
218,2
219,3
220,4
221,3
222,4
223,3
224,2
225,3
226,3
227,3
228,2
229,4
230,4
231,2
232,2
233,2
234,2
235,2
236,2
237,2
238,2
239,2
240,2
241,3
242,2
243,2
244,2
245,3
246,2
247,2
248,2
249,2
250,3
251,4
252,2
253,3
254,4
255,4
256,2
257,4
258,3
259,3
260,2
261,2
262,2
263,2
264,3
265,3
266,2
267,3
268,2
269,2
270,2
271,2
272,2
273,3
274,3
275,2
276,2
277,2
278,3
279,4
280,2
281,2
282,2
283,4
284,2
285,2
286,2
287,3
288,2
289,2
290,2
291,2
292,3
293,4
294,2
295,2
296,3
297,3
298,3
299,2
300,3
301,2
302,3
303,2
304,3
305,3
306,3
307,2
308,3
309,2
310,2
311,2
312,4
313,2
314,4
315,2
316,3
317,4
318,4
319,3
320,3
321,3
322,2
323,3
324,4
325,4
326,2
327,3
328,2
329,2
330,2
331,2
332,2
333,2
334,2
335,2
336,4
337,4
338,4
339,2
340,3
341,2
342,2
343,2
344,2
345,3
346,4
347,2
348,2
349,2
350,2
351,2
352,4
353,2
354,2
355,2
356,4
357,2
358,3
359,2
360,3
361,3
362,2
363,2
364,2
365,2
366,4
367,3
368,3
369,3
370,2
371,4
372,2
373,3
374,4
375,4
376,3
377,4
378,3
379,4
380,2
381,3
382,2
383,4
384,2
385,3
386,4
387,2
388,3
389,3
390,2
391,2
392,3
393,2
394,2
395,3
396,2
397,2
398,2
399,2
400,2
401,2
402,2
403,2
404,2
405,3
406,4
407,2
408,3
409,3
410,3
411,3
412,2
413,2
414,2
415,4
416,2
417,3
418,3
419,3
420,3
421,3
422,2
423,3
424,2
425,3
426,3
427,4
428,4
429,3
430,2
431,2
432,2
433,2
434,2
435,2
436,2
437,2
438,2
439,2
440,4
441,3
442,2
443,2
444,2
445,4
446,4
447,3
448,4
449,2
450,4
451,2
452,2
453,3
454,2
455,4
456,2
457,2
458,2
459,2
460,2
461,4
462,3
463,2
464,3
465,2
466,3
467,3
468,2
469,2
470,2
471,5
472,2
473,2
474,4
475,2
476,2
477,2
478,2
479,3
480,3
481,3
482,3
483,2
484,3
485,2
486,4
487,2
488,2
489,2
490,2
491,2
492,2
493,2
494,2
495,2
496,4
497,4
498,2
499,3
500,2
501,3
502,3
503,2
504,3
505,2
506,2
507,3
508,2
509,3
510,3
511,4
512,2
513,3
514,2
515,2
516,4
517,2
518,2
519,2
520,2
521,3
522,2
523,3
524,2
525,3
526,2
527,2
528,2
529,3
530,4
531,4
532,3
533,4
534,2
535,3
536,2
537,2
538,2
539,2
540,4
541,1
542,4
543,4
544,2
545,4
546,2
547,2
548,2
549,2
550,3
551,3
552,3
553,4
554,2
555,2
556,4
557,4
558,4
559,3
560,3
561,2
562,4
563,2
564,2
565,2
566,3
567,4
568,3
569,2
570,3
571,3
572,2
573,4
574,4
575,2
576,2
577,2
578,4
579,4
580,3
581,2
582,2
583,2
584,3
585,3
586,3
587,2
588,3
589,4
590,2
591,3
592,2
593,3
594,1
595,2
596,2
597,4
598,3
599,4
600,4
601,2
602,3
603,3
604,1
605,2
606,2
607,2
608,3
609,3
610,2
611,4
612,2
613,2
614,3
615,3
616,2
617,2
618,4
619,4
620,2
621,4
622,4
623,2
624,3
625,2
626,2
627,3
628,4
629,2
630,4
631,2
632,4
633,2
634,3
635,3
636,2
637,2
638,3
639,2
640,2
641,2
642,2
643,2
644,2
645,3
646,2
647,3
648,2
649,3
650,3
651,3
652,4
653,2
654,2
655,2
656,2
657,2
658,3
659,2
660,4
661,3
662,2
663,4
664,3
665,3
666,2
667,3
668,2
669,3
670,4
671,1
672,2
673,3
674,2
675,4
676,4
677,3
678,4
679,3
680,4
681,3
682,2
683,2
684,2
685,2
686,3
687,2
688,2
689,4
690,2
691,2
692,2
693,3
694,5
695,4
696,3
697,3
698,2
699,3
700,3
701,3
702,3
703,3
704,2
705,1
706,3
707,2
708,3
709,3
710,2
711,2
712,4
713,3
714,2
715,2
716,3
717,4
718,3
719,2
720,4
721,3
722,3
723,3
724,4
725,3
726,2
727,2
728,3
729,3
730,3
731,4
732,2
733,3
734,4
735,1
736,3
737,2
738,3
739,2
740,2
741,3
742,2
743,2
744,3
745,2
746,2
747,1
748,3
749,4
750,4
751,2
752,2
753,3
754,3
755,4
756,3
757,2
758,2
759,2
760,2
761,2
762,2
763,2
764,4
765,4
766,3
767,4
768,2
769,4
770,4
771,3
772,4
773,3
774,2
775,2
776,2
777,3
778,3
779,4
780,2
781,2
782,3
783,2
784,4
785,4
786,2
787,2
788,3
789,3
790,2
791,2
792,2
793,2
794,3
795,3
796,2
797,2
798,2
799,2
800,2
801,2
802,2
803,2
804,4
805,2
806,4
807,2
808,3
809,3
810,2
811,2
812,2
813,3
814,2
815,3
816,2
817,2
818,3
819,3
820,2
821,2
822,2
823,3
824,3
825,2
826,2
827,2
828,2
829,2
830,3
831,4
832,4
833,4
834,2
835,2
836,4
837,3
838,2
839,2
840,4
841,3
842,3
843,3
844,3
845,3
846,3
847,4
848,3
849,4
850,3
851,3
852,2
853,2
854,2
855,3
856,2
857,2
858,4
859,4
860,2
861,2
862,3
863,3
864,2
865,2
866,4
867,3
868,3
869,3
870,2
871,2
872,4
873,3
874,3
875,4
876,3
877,2
878,2
879,3
880,2
881,2
882,2
883,3
884,2
885,2
886,2
887,3
888,2
889,2
890,3
891,2
892,4
893,2
894,3
895,2
896,2
897,3
898,2
899,3
900,3
901,4
902,2
903,2
904,2
905,4
906,2
907,2
908,2
909,2
910,2
911,2
912,2
913,2
914,2
915,2
916,2
917,2
918,2
919,2
920,2
921,3
922,3
923,2
924,2
925,2
926,3
927,2
928,2
929,3
930,3
931,2
932,2
933,2
934,3
935,3
936,3
937,2
938,2
939,4
940,4
941,2
942,2
943,3
944,2
945,2
946,3
947,2
948,4
949,3
950,3
951,4
952,4
953,3
954,2
955,3
956,3
957,4
958,3
959,3
960,3
961,3
962,3
963,4
964,2
965,2
966,2
967,3
968,2
969,2
970,3
971,2
972,2
973,3
974,2
975,3
976,3
977,3
978,3
979,2
980,4
981,4
982,2
983,3
984,4
985,3
986,2
987,2
988,3
989,2
990,3
991,3
992,3
993,2
994,2
995,2
996,2
997,2
998,2
999,3
1000,4
1001,2
1002,2
1003,2
1004,2
1005,2
1006,3
1007,2
1008,3
1009,2
1010,2
1011,2
1012,2
1013,3
1014,3
1015,2
1016,2
1017,2
1018,3
1019,4
1020,4
1021,2
1022,2
1023,3
1024,2
1025,2
1026,2
1027,2
1028,2
1029,4
1030,2
1031,4
1032,2
1033,3
1034,2
1035,2
1036,2
1037,2
1038,4
1039,3
1040,3
1041,3
1042,3
1043,3
1044,2
1045,2
1046,3
1047,3
1048,3
1049,3
1050,3
1051,4
1052,2
1053,2
1054,2
1055,2
1056,3
1057,2
1058,2
1059,2
1060,2
1061,2
1062,2
1063,2
1064,4
1065,4
1066,3
1067,2
1068,2
1069,4
1070,4
1071,3
1072,4
1073,3
1074,2
1075,3
1076,2
1077,4
1078,2
1079,2
1080,2
1081,2
1082,2
1083,2
1084,4
1085,2
1086,3
1087,2
1088,4
1089,3
1090,2
1091,2
1092,2
1093,3
1094,2
1095,2
1096,2
1097,2
1098,2
1099,3
1100,2
1101,1
1102,4
1103,3
1104,2
1105,2
1106,3
1107,2
1108,3
1109,3
1110,3
1111,2
1112,2
1113,3
1114,3
1115,3
1116,2
1117,4
1118,3
1119,4
1120,4
1121,3
1122,4
1123,2
1124,4
1125,4
1126,5
1127,4
1128,4
1129,3
1130,3
1131,4
1132,3
1133,3
1134,2
1135,2
1136,4
1137,4
1138,4
1139,3
1140,3
1141,3
1142,2
1143,4
1144,3
1145,2
1146,2
1147,3
1148,3
1149,2
1150,3
1151,3
1152,3
1153,3
1154,2
1155,2
1156,2
1157,2
1158,2
1159,4
1160,4
1161,4
1162,4
1163,2
1164,2
1165,3
1166,4
1167,3
1168,2
1169,2
1170,3
1171,3
1172,2
1173,2
1174,2
1175,2
1176,2
1177,3
1178,4
1179,4
1180,2
1181,3
1182,3
1183,3
1184,2
1185,3
1186,2
1187,3
1188,2
1189,3
1190,2
1191,3
1192,4
1193,2
1194,4
1195,2
1196,3
1197,2
1198,3
1199,2
1200,2
1201,2
1202,2
1203,3
1204,4
1205,3
1206,3
1207,2
1208,2
1209,2
1210,2
1211,4
1212,2
1213,2
1214,2
1215,4
1216,4
1217,4
1218,3
1219,2
1220,5
1221,3
1222,3
1223,2
1224,2
1225,2
1226,2
1227,2
1228,2
1229,3
1230,2
1231,3
1232,3
1233,2
1234,4
1235,2
1236,3
1237,3
1238,2
1239,2
1240,2
1241,2
1242,3
1243,2
1244,2
1245,3
1246,4
1247,3
1248,2
1249,2
1250,3
1251,2
1252,4
1253,3
1254,3
1255,3
1256,2
1257,2
1258,2
1259,3
1260,2
1261,3
1262,4
1263,2
1264,3
1265,2
1266,3
1267,2
1268,4
1269,2
1270,3
1271,2
1272,2
1273,3
1274,2
1275,3
1276,2
1277,4
1278,2
1279,2
1280,3
1281,2
1282,2
1283,2
1284,3
1285,3
1286,3
1287,4
1288,2
1289,3
1290,3
1291,2
1292,3
1293,4
1294,2
1295,3
1296,2
1297,3
1298,3
1299,3
1300,2
1301,3
1302,3
1303,3
1304,4
1305,2
1306,4
1307,2
1308,2
1309,2
1310,2
1311,2
1312,2
1313,2
1314,2
1315,2
1316,2
1317,3
1318,3
1319,4
1320,3
1321,2
1322,4
1323,2
1324,4
1325,3
1326,2
1327,3
1328,3
1329,2
1330,3
1331,2
1332,2
1333,2
1334,4
1335,3
1336,2
1337,3
1338,3
1339,3
1340,4
1341,3
1342,2
1343,2
1344,2
1345,2
1346,3
1347,2
1348,2
1349,2
1350,2
1351,3
1352,3
1353,2
1354,2
1355,2
1356,4
1357,2
1358,2
1359,3
1360,3
1361,3
1362,3
1363,2
1364,3
1365,4
1366,3
1367,3
1368,2
1369,2
1370,2
1371,4
1372,3
1373,2
1374,3
1375,2
1376,3
1377,2
1378,3
1379,3
1380,4
1381,2
1382,2
1383,2
1384,4
1385,3
1386,2
1387,2
1388,2
1389,3
1390,3
1391,3
1392,3
1393,3
1394,3
1395,2
1396,2
1397,2
1398,2
1399,3
1400,2
1401,3
1402,2
1403,2
1404,3
1405,2
1406,3
1407,2
1408,3
1409,3
1410,2
1411,2
1412,2
1413,2
1414,2
1415,2
1416,3
1417,4
1418,2
1419,2
1420,4
1421,2
1422,2
1423,2
1424,4
1425,2
1426,4
1427,3
1428,2
1429,2
1430,2
1431,3
1432,4
1433,3
1434,4
1435,3
1436,3
1437,4
1438,2
1439,2
1440,2
1441,3
1442,2
1443,3
1444,3
1445,4
1446,3
1447,2
1448,3
1449,3
1450,3
1451,4
1452,2
1453,3
1454,3
1455,2
1456,2
1457,3
1458,4
1459,5
1460,2
1461,3
1462,3
1463,2
1464,4
1465,3
1466,2
1467,2
1468,2
1469,3
1470,2
1471,2
1472,2
1473,2
1474,2
1475,4
1476,3
1477,3
1478,2
1479,2
1480,4
1481,3
1482,2
1483,2
1484,4
1485,2
1486,2
1487,2
1488,2
1489,2
1490,2
1491,2
1492,3
1493,2
1494,2
1495,4
1496,3
1497,2
1498,2
1499,4
1500,2
1501,2
1502,3
1503,2
1504,3
1505,2
1506,3
1507,2
1508,3
1509,2
1510,3
1511,4
1512,4
1513,3
1514,4
1515,3
1516,3
1517,4
1518,2
1519,2
1520,2
1521,2
1522,2
1523,3
1524,2
1525,2
1526,4
1527,2
1528,2
1529,2
1530,3
1531,2
1532,3
1533,2
1534,2
1535,2
1536,2
1537,2
1538,2
1539,2
1540,3
1541,2
1542,2
1543,2
1544,2
1545,3
1546,4
1547,3
1548,4
1549,3
1550,4
1551,2
1552,2
1553,4
1554,3
1555,2
1556,2
1557,2
1558,2
1559,3
1560,2
1561,2
1562,3
1563,3
1564,2
1565,2
1566,4
1567,3
1568,2
1569,3
1570,3
1571,3
1572,2
1573,2
1574,3
1575,2
1576,2
1577,2
1578,2
1579,2
1580,2
1581,2
1582,3
1583,2
1584,2
1585,2
1586,2
1587,2
1588,3
1589,4
1590,4
1591,2
1592,2
1593,2
1594,2
1595,3
1596,2
1597,2
1598,2
1599,2
1600,2
1601,3
1602,4
1603,2
1604,2
1605,2
1606,4
1607,4
1608,3
1609,2
1610,4
1611,3
1612,4
1613,3
1614,3
1615,3
1616,3
1617,4
1618,3
1619,3
1620,3
1621,4
1622,4
1623,3
1624,3
1625,2
1626,3
1627,2
1628,4
1629,4
1630,3
1631,4
1632,4
1633,3
1634,1
1635,3
1636,3
1637,2
1638,4
1639,2
1640,4
1641,2
1642,4
1643,2
1644,3
1645,4
1646,4
1647,3
1648,3
1649,3
1650,3
1651,3
1652,3
1653,4
1654,2
1655,4
1656,2
1657,2
1658,3
1659,1
1660,4
1661,2
1662,2
1663,4
1664,2
1665,4
1666,4
1667,3
1668,2
1669,2
1670,3
1671,3
1672,2
1673,4
1674,4
1675,4
1676,1
1677,2
1678,2
1679,2
1680,4
1681,2
1682,2
1683,2
1684,3
1685,3
1686,2
1687,2
1688,2
1689,2
1690,2
1691,2
1692,2
1693,3
1694,3
1695,4
1696,4
1697,2
1698,3
1699,3
1700,2
1701,2
1702,3
1703,1
1704,2
1705,2
1706,2
1707,2
1708,2
1709,2
1710,2
1711,2
1712,2
1713,2
1714,2
1715,3
1716,3
1717,2
1718,3
1719,2
1720,3
1721,3
1722,3
1723,3
1724,2
1725,3
1726,2
1727,2
1728,2
1729,2
1730,3
1731,3
1732,3
1733,2
1734,3
1735,2
1736,1
1737,3
1738,1
1739,2
1740,2
1741,3
1742,2
1743,2
1744,2
1745,3
1746,2
1747,2
1748,2
1749,2
1750,2
1751,3
1752,2
1753,3
1754,2
1755,3
1756,3
1757,3
1758,2
1759,3
1760,2
1761,2
1762,2
1763,2
1764,2
1765,3
1766,3
1767,2
1768,3
1769,2
1770,2
1771,3
1772,4
1773,3
1774,2
1775,4
1776,3
1777,3
1778,2
1779,3
1780,2
1781,2
1782,2
1783,3
1784,3
1785,3
1786,4
1787,2
1788,2
1789,3
1790,3
1791,3
1792,2
1793,2
1794,3
1795,4
1796,2
1797,2
1798,3
1799,3
1800,2
1801,3
1802,2
1803,2
1804,3
1805,2
1806,3
1807,3
1808,2
1809,4
1810,2
1811,2
1812,2
1813,4
1814,2
1815,2
1816,3
1817,2
1818,3
1819,3
1820,3
1821,3
1822,3
1823,2
1824,3
1825,3
1826,3
1827,2
1828,2
1829,2
1830,2
1831,2
1832,2
1833,2
1834,2
1835,3
1836,2
1837,2
1838,3
1839,3
1840,2
1841,3
1842,2
1843,3
1844,2
1845,2
1846,2
1847,2
1848,2
1849,2
1850,3
1851,3
1852,2
1853,2
1854,2
1855,4
1856,2
1857,2
1858,2
1859,3
1860,3
1861,3
1862,3
1863,3
1864,2
1865,3
1866,2
1867,3
1868,2
1869,2
1870,2
1871,3
1872,3
1873,3
1874,2
1875,2
1876,3
1877,3
1878,2
1879,2
1880,2
1881,3
1882,3
1883,2
1884,2
1885,3
1886,2
1887,2
1888,2
1889,2
1890,2
1891,3
1892,3
1893,2
1894,3
1895,3
1896,2
1897,2
1898,2
1899,3
1900,2
1901,3
1902,2
1903,3
1904,3
1905,3
1906,4
1907,3
1908,3
1909,2
1910,2
1911,2
1912,3
1913,3
1914,2
1915,2
1916,2
1917,3
1918,3
1919,2
1920,3
1921,2
1922,3
1923,1
1924,2
1925,1
1926,2
1927,3
1928,3
1929,4
1930,4
1931,3
1932,3
1933,2
1934,2
1935,2
1936,2
1937,4
1938,2
1939,3
1940,2
1941,2
1942,1
1943,2
1944,2
1945,4
1946,2
1947,2
1948,2
1949,3
1950,2
1951,3
1952,3
1953,3
1954,4
1955,4
1956,4
1957,3
1958,2
1959,2
1960,4
1961,3
1962,4
1963,3
1964,3
1965,4
1966,1
1967,4
1968,4
1969,4
1970,4
1971,4
1972,4
1973,4
1974,4
1975,4
1976,3
1977,1
1978,1
1979,3
1980,4
1981,3
1982,4
1983,4
1984,4
1985,2
1986,2
1987,4
1988,4
1989,4
1990,3
1991,3
1992,4
1993,4
1994,4
1995,4
1996,3
1997,4
1998,2
1999,4
2000,1
2001,4
2002,4
2003,4
2004,4
2005,3
2006,2
2007,3
2008,4
2009,3
2010,4
2011,4
2012,3
2013,4
2014,4
2015,4
2016,2
2017,3
2018,2
2019,2
2020,2
2021,3
2022,3
2023,3
2024,4
2025,4
2026,2
2027,4
2028,4
2029,3
2030,4
2031,3
2032,4
2033,2
2034,3
2035,3
2036,2
2037,2
2038,4
2039,4
2040,4
2041,4
2042,1
2043,4
2044,3
2045,4
2046,4
2047,3
2048,3
2049,3
2050,4
2051,4
2052,1
2053,2
2054,4
2055,4
2056,4
2057,4
2058,4
2059,4
2060,4
2061,4
2062,4
2063,4
2064,4
2065,3
2066,3
2067,3
2068,2
2069,2
2070,3
2071,3
2072,4
2073,6
2074,3
2075,4
2076,4
2077,4
2078,4
2079,4
2080,4
2081,4
2082,4
2083,4
2084,4
2085,4
2086,3
2087,3
2088,2
2089,4
2090,4
2091,4
2092,4
2093,4
2094,4
2095,4
2096,4
2097,4
2098,4
2099,4
2100,4
2101,4
2102,4
2103,4
2104,4
2105,3
2106,4
2107,2
2108,4
2109,4
2110,4
2111,4
2112,2
2113,3
2114,3
2115,3
2116,3
2117,4
2118,2
2119,2
2120,4
2121,3
2122,2
2123,4
2124,3
2125,2
2126,2
2127,3
2128,4
2129,4
2130,4
2131,4
2132,4
2133,4
2134,4
2135,4
2136,4
2137,4
2138,3
2139,4
2140,4
2141,4
2142,4
2143,2
2144,2
2145,2
2146,2
2147,3
2148,2
2149,3
2150,2
2151,4
2152,2
2153,4
2154,3
2155,5
2156,3
2157,3
2158,2
2159,4
2160,4
2161,4
2162,4
2163,4
2164,4
2165,4
2166,3
2167,4
2168,4
2169,3
2170,4
2171,4
2172,4
2173,4
2174,4
2175,4
2176,2
2177,4
2178,4
2179,2
2180,2
2181,2
2182,4
2183,3
2184,2
2185,3
2186,3
2187,3
2188,4
2189,2
2190,2
2191,1
2192,3
2193,4
2194,1
2195,2
2196,4
2197,3
2198,2
2199,4
2200,4
2201,2
2202,3
2203,1
2204,2
2205,2
2206,4
2207,4
2208,2
2209,2
2210,4
2211,3
2212,4
2213,4
2214,4
2215,3
2216,3
2217,4
2218,3
2219,4
2220,4
2221,4
2222,3
2223,4
2224,4
2225,4
2226,4
2227,4
2228,4
2229,4
2230,3
2231,3
2232,4
2233,4
2234,4
2235,2
2236,4
2237,4
2238,4
2239,4
2240,3
2241,3
2242,4
2243,4
2244,4
2245,3
2246,4
2247,4
2248,3
2249,2
2250,4
2251,1
2252,4
2253,4
2254,4
2255,4
2256,4
2257,4
2258,3
2259,1
2260,3
2261,2
2262,2
2263,3
2264,3
2265,4
2266,4
2267,2
2268,3
2269,4
2270,2
2271,3
2272,4
2273,4
2274,4
2275,4
2276,4
2277,4
2278,4
2279,4
2280,3
2281,4
2282,3
2283,4
2284,4
2285,4
2286,3
2287,4
2288,3
2289,3
2290,3
2291,2
2292,3
2293,3
2294,2
2295,2
2296,1
2297,2
2298,2
2299,3
2300,2
2301,4
2302,3
2303,4
2304,4
2305,4
2306,1
2307,4
2308,4
2309,2
2310,2
2311,4
2312,3
2313,4
2314,4
2315,4
2316,3
2317,1
2318,3
2319,2
2320,1
2321,2
2322,4
2323,2
2324,1
2325,3
2326,2
2327,4
2328,1
2329,2
2330,2
2331,2
2332,4
2333,3
2334,4
2335,3
2336,4
2337,3
2338,2
2339,1
2340,2
2341,3
2342,2
2343,2
2344,2
2345,2
2346,3
2347,3
2348,2
2349,2
2350,2
2351,3
2352,2
2353,2
2354,2
2355,2
2356,2
2357,2
2358,2
2359,3
2360,2
2361,2
2362,3
2363,2
2364,2
2365,3
2366,2
2367,2
2368,2
2369,3
2370,2
2371,4
2372,2
2373,3
2374,3
2375,2
2376,2
2377,2
2378,2
2379,3
2380,3
2381,4
2382,3
2383,2
2384,2
2385,4
2386,3
2387,4
2388,2
2389,3
2390,3
2391,3
2392,2
2393,2
2394,2
2395,1
2396,2
2397,2
2398,2
2399,2
2400,2
2401,3
2402,3
2403,4
2404,2
2405,3
2406,3
2407,3
2408,2
2409,2
2410,2
2411,2
2412,1
2413,2
2414,2
2415,3
2416,2
2417,2
2418,2
2419,3
2420,2
2421,3
2422,2
2423,2
2424,3
2425,3
2426,4
2427,2
2428,3
2429,3
2430,2
2431,3
2432,1
2433,2
2434,2
2435,3
2436,3
2437,2
2438,2
2439,4
2440,4
2441,3
2442,2
2443,3
2444,2
2445,2
2446,4
2447,2
2448,2
2449,2
2450,2
2451,3
2452,3
2453,2
2454,2
2455,2
2456,3
2457,4
2458,3
2459,3
2460,2
2461,2
2462,2
2463,1
2464,3
2465,3
2466,2
2467,2
2468,4
2469,2
2470,2
2471,3
2472,3
2473,2
2474,1
2475,2
2476,2
2477,2
2478,1
2479,2
2480,3
2481,2
2482,1
2483,1
2484,3
2485,3
2486,3
2487,3
2488,2
2489,3
2490,4
2491,2
2492,4
2493,3
2494,3
2495,3
2496,2
2497,4
2498,4
2499,4
2500,3
2501,3
2502,2
2503,2
2504,3
2505,4
2506,4
2507,3
2508,2
2509,3
2510,3
2511,3
2512,3
2513,3
2514,3
2515,3
2516,2
2517,4
2518,3
2519,4
2520,3
2521,3
2522,4
2523,4
2524,2
2525,4
2526,4
2527,4
2528,3
2529,4
2530,4
2531,4
2532,2
2533,1
2534,4
2535,1
2536,4
2537,3
2538,4
2539,3
2540,4
2541,4
2542,4
2543,3
2544,3
2545,3
2546,4
2547,3
2548,3
2549,4
2550,4
2551,4
2552,4
2553,4
2554,4
2555,4
2556,4
2557,3
2558,3
2559,3
2560,3
2561,3
2562,3
2563,2
2564,4
2565,3
2566,1
2567,4
2568,4
2569,1
2570,4
2571,2
2572,3
2573,4
2574,2
2575,3
2576,4
2577,4
2578,4
2579,3
2580,2
2581,6
2582,3
2583,3
2584,2
2585,3
2586,4
2587,2
2588,4
2589,4
2590,3
2591,2
2592,2
2593,3
2594,3
2595,4
2596,2
2597,4
2598,3
2599,5
2600,4
2601,2
2602,4
2603,4
2604,4
2605,2
2606,2
2607,1
2608,2
2609,3
2610,1
2611,2
2612,3
2613,3
2614,2
2615,2
2616,3
2617,3
2618,3
2619,3
2620,3
2621,2
2622,4
2623,2
2624,2
2625,3
2626,1
2627,3
2628,2
2629,2
2630,3
2631,2
2632,2
2633,2
2634,4
2635,3
2636,2
2637,3
2638,4
2639,2
2640,3
2641,2
2642,3
2643,3
2644,1
2645,2
2646,3
2647,2
2648,3
2649,3
2650,2
2651,2
2652,2
2653,2
2654,2
2655,2
2656,2
2657,3
2658,4
2659,2
2660,3
2661,3
2662,3
2663,1
2664,2
2665,1
2666,1
2667,2
2668,2
2669,2
2670,2
2671,2
2672,2
2673,2
2674,2
2675,2
2676,2
2677,2
2678,2
2679,3
2680,3
2681,2
2682,2
2683,2
2684,3
2685,2
2686,2
2687,2
2688,2
2689,3
2690,2
2691,3
2692,3
2693,2
2694,3
2695,3
2696,3
2697,3
2698,2
2699,3
2700,3
2701,2
2702,3
2703,2
2704,4
2705,3
2706,2
2707,4
2708,3
2709,3
2710,2
2711,3
2712,2
2713,3
2714,4
2715,3
2716,4
2717,2
2718,3
2719,2
2720,3
2721,2
2722,3
2723,2
2724,3
2725,3
2726,2
2727,4
2728,3
2729,3
2730,2
2731,2
2732,2
2733,4
2734,2
2735,3
2736,2
2737,2
2738,2
2739,3
2740,3
2741,2
2742,2
2743,2
2744,2
2745,3
2746,3
2747,2
2748,2
2749,2
2750,2
2751,2
2752,2
2753,2
2754,3
2755,2
2756,3
2757,2
2758,3
2759,2
2760,2
2761,2
2762,2
2763,3
2764,3
2765,3
2766,2
2767,2
2768,2
2769,2
2770,2
2771,3
2772,2
2773,2
2774,2
2775,2
2776,2
2777,3
2778,3
2779,3
2780,3
2781,2
2782,2
2783,2
2784,2
2785,2
2786,3
2787,2
2788,2
2789,2
2790,2
2791,2
2792,3
2793,3
2794,2
2795,2
2796,3
2797,3
2798,2
2799,2
2800,3
2801,3
2802,3
2803,3
2804,2
2805,3
2806,2
2807,2
2808,4
2809,3
2810,2
2811,3
2812,4
2813,2
2814,2
2815,3
2816,3
2817,3
2818,4
2819,2
2820,2
2821,2
2822,2
2823,2
2824,2
2825,2
2826,2
2827,2
2828,4
2829,3
2830,3
2831,3
2832,2
2833,2
2834,3
2835,3
2836,2
2837,3
2838,3
2839,2
2840,2
2841,3
2842,3
2843,4
2844,3
2845,2
2846,3
2847,3
2848,2
2849,2
2850,3
2851,2
2852,2
2853,3
2854,4
2855,2
2856,4
2857,2
2858,4
2859,3
2860,2
2861,2
2862,3
2863,4
2864,2
2865,3
2866,4
2867,2
2868,3
2869,2
2870,4
2871,2
2872,2
2873,2
2874,3
2875,3
2876,3
2877,4
2878,2
2879,2
2880,4
2881,4
2882,3
2883,3
2884,4
2885,3
2886,3
2887,2
2888,3
2889,3
2890,2
2891,2
2892,2
2893,2
2894,2
2895,4
2896,4
2897,3
2898,2
2899,4
2900,2
2901,2
2902,2
2903,2
2904,2
2905,2
2906,3
2907,2
2908,2
2909,2
2910,3
2911,2
2912,2
2913,2
2914,2
2915,2
2916,3
2917,1
2918,3
2919,2
2920,2
2921,2
2922,2
2923,2
2924,2
2925,4
2926,2
2927,2
2928,2
2929,3
2930,2
2931,3
2932,4
2933,2
2934,2
2935,3
2936,2
2937,2
2938,2
2939,2
2940,2
2941,4
2942,3
2943,3
2944,2
2945,3
2946,2
2947,2
2948,3
2949,3
2950,3
2951,3
2952,3
2953,4
2954,3
2955,3
2956,2
2957,3
2958,2
2959,3
2960,4
2961,4
2962,3
2963,2
2964,3
2965,4
2966,4
2967,4
2968,3
2969,3
2970,3
2971,2
2972,2
2973,2
2974,3
2975,2
2976,2
2977,2
2978,4
2979,2
2980,2
2981,3
2982,2
2983,3
2984,3
2985,3
2986,3
2987,2
2988,4
2989,2
2990,2
2991,2
2992,2
2993,2
2994,3
2995,2
2996,3
2997,2
2998,2
2999,2
3000,3
3001,2
3002,2
3003,2
3004,2
3005,2
3006,2
3007,2
3008,2
3009,2
3010,2
3011,3
3012,3
3013,2
3014,4
3015,3
3016,3
3017,2
3018,2
3019,2
3020,2
3021,3
3022,4
3023,1
3024,2
3025,2
3026,3
3027,2
3028,3
3029,2
3030,2
3031,3
3032,2
3033,2
3034,4
3035,3
3036,4
3037,2
3038,2
3039,3
3040,3
3041,3
3042,3
3043,3
3044,2
3045,2
3046,3
3047,4
3048,3
3049,2
3050,4
3051,4
3052,2
3053,2
3054,3
3055,3
3056,3
3057,2
3058,2
3059,3
3060,2
3061,4
3062,4
3063,3
3064,2
3065,2
3066,2
3067,3
3068,3
3069,4
3070,3
3071,2
3072,3
3073,3
3074,2
3075,2
3076,2
3077,3
3078,3
3079,3
3080,3
3081,2
3082,2
3083,4
3084,2
3085,4
3086,3
3087,3
3088,2
3089,3
3090,4
3091,2
3092,2
3093,3
3094,2
3095,3
3096,2
3097,2
3098,4
3099,2
3100,2
3101,2
3102,2
3103,2
3104,2
3105,2
3106,2
3107,2
3108,2
3109,2
3110,2
3111,2
3112,3
3113,3
3114,3
3115,2
3116,3
3117,4
3118,3
3119,2
3120,2
3121,3
3122,4
3123,2
3124,2
3125,3
3126,3
3127,3
3128,3
3129,4
3130,2
3131,4
3132,3
3133,3
3134,3
3135,3
3136,4
3137,3
3138,2
3139,2
3140,2
3141,4
3142,2
3143,2
3144,3
3145,2
3146,3
3147,3
3148,3
3149,2
3150,4
3151,2
3152,2
3153,3
3154,3
3155,4
3156,3
3157,3
3158,2
3159,2
3160,3
3161,4
3162,2
3163,2
3164,2
3165,3
3166,2
3167,2
3168,3
3169,4
3170,2
3171,2
3172,2
3173,4
3174,4
3175,3
3176,2
3177,3
3178,2
3179,3
3180,2
3181,3
3182,2
3183,2
3184,3
3185,3
3186,3
3187,3
3188,3
3189,4
3190,2
3191,2
3192,2
3193,2
3194,3
3195,3
3196,2
3197,2
3198,3
3199,3
3200,2
3201,2
3202,3
3203,3
3204,3
3205,3
3206,2
3207,3
3208,4
3209,2
3210,3
3211,2
3212,2
3213,2
3214,2
3215,2
3216,2
3217,3
3218,3
3219,2
3220,3
3221,2
3222,2
3223,3
3224,3
3225,4
3226,2
3227,3
3228,3
3229,2
3230,3
3231,2
3232,2
3233,2
3234,2
3235,4
3236,4
3237,2
3238,3
3239,2
3240,2
3241,2
3242,3
3243,2
3244,4
3245,2
3246,2
3247,2
3248,3
3249,1
3250,4
3251,2
3252,2
3253,2
3254,2
3255,3
3256,3
3257,2
3258,3
3259,2
3260,4
3261,3
3262,3
3263,4
3264,2
3265,2
3266,3
3267,3
3268,2
3269,3
3270,4
3271,4
3272,2
3273,2
3274,2
3275,2
3276,3
3277,2
3278,1
3279,3
3280,2
3281,2
3282,4
3283,2
3284,3
3285,4
3286,4
3287,3
3288,2
3289,3
3290,4
3291,4
3292,3
3293,4
3294,4
3295,2
3296,3
3297,2
3298,3
3299,2
3300,2
3301,3
3302,3
3303,2
3304,2
3305,3
3306,2
3307,4
3308,3
3309,2
3310,4
3311,2
3312,3
3313,3
3314,2
3315,3
3316,3
3317,2
3318,3
3319,2
3320,2
3321,3
3322,2
3323,3
3324,2
3325,2
3326,2
3327,4
3328,2
3329,3
3330,2
3331,3
3332,3
3333,3
3334,3
3335,2
3336,3
3337,3
3338,2
3339,2
3340,2
3341,3
3342,2
3343,3
3344,2
3345,4
3346,2
3347,2
3348,3
3349,2
3350,3
3351,2
3352,2
3353,2
3354,2
3355,2
3356,2
3357,2
3358,4
3359,2
3360,4
3361,4
3362,4
3363,2
3364,2
3365,3
3366,4
3367,3
3368,2
3369,2
3370,2
3371,3
3372,3
3373,3
3374,3
3375,2
3376,3
3377,3
3378,2
3379,3
3380,2
3381,3
3382,2
3383,2
3384,4
3385,2
3386,4
3387,2
3388,2
3389,2
3390,2
3391,2
3392,2
3393,2
3394,3
3395,2
3396,3
3397,2
3398,3
3399,4
3400,2
3401,2
3402,4
3403,1
3404,3
3405,2
3406,1
3407,3
3408,4
3409,2
3410,2
3411,2
3412,4
3413,1
3414,4
3415,1
3416,3
3417,3
3418,3
3419,3
3420,4
3421,2
3422,4
3423,3
3424,3
3425,3
3426,2
3427,2
3428,3
3429,4
3430,2
3431,5
3432,2
3433,3
3434,2
3435,4
3436,3
3437,4
3438,3
3439,3
3440,3
3441,3
3442,3
3443,3
3444,2
3445,3
3446,2
3447,2
3448,4
3449,3
3450,2
3451,2
3452,3
3453,3
3454,3
3455,2
3456,3
3457,4
3458,4
3459,4
3460,3
3461,4
3462,2
3463,4
3464,4
3465,3
3466,3
3467,4
3468,3
3469,4
3470,3
3471,4
3472,2
3473,4
3474,2
3475,4
3476,3
3477,3
3478,2
3479,3
3480,3
3481,3
3482,3
3483,1
3484,4
3485,3
3486,3
3487,4
3488,3
3489,4
3490,2
3491,2
3492,2
3493,4
3494,2
3495,2
3496,2
3497,4
3498,3
3499,4
3500,4
3501,4
3502,4
3503,3
3504,3
3505,4
3506,3
3507,3
3508,2
3509,2
3510,2
3511,1
3512,3
3513,2
3514,2
3515,3
3516,2
3517,2
3518,2
3519,2
3520,4
3521,3
3522,3
3523,2
3524,2
3525,3
3526,2
3527,2
3528,2
3529,2
3530,2
3531,2
3532,3
3533,2
3534,3
3535,2
3536,2
3537,2
3538,3
3539,4
3540,2
3541,3
3542,2
3543,2
3544,2
3545,2
3546,3
3547,2
3548,3
3549,2
3550,3
3551,2
3552,3
3553,2
3554,2
3555,2
3556,3
3557,2
3558,2
3559,3
3560,3
3561,3
3562,3
3563,3
3564,2
3565,2
3566,3
3567,2
3568,2
3569,3
3570,3
3571,2
3572,2
3573,3
3574,2
3575,2
3576,3
3577,3
3578,2
3579,2
3580,2
3581,4
3582,3
3583,2
3584,3
3585,2
3586,2
3587,2
3588,2
3589,2
3590,2
3591,3
3592,2
3593,3
3594,2
3595,3
3596,2
3597,4
3598,2
3599,4
3600,2
3601,2
3602,2
3603,2
3604,2
3605,2
3606,4
3607,2
3608,2
3609,2
3610,2
3611,4
3612,3
3613,3
3614,2
3615,3
3616,2
3617,3
3618,2
3619,2
3620,3
3621,2
3622,2
3623,2
3624,4
3625,2
3626,2
3627,2
3628,2
3629,2
3630,2
3631,3
3632,2
3633,4
3634,2
3635,2
3636,2
3637,2
3638,3
3639,2
3640,3
3641,3
3642,3
3643,4
3644,2
3645,3
3646,3
3647,2
3648,4
3649,2
3650,3
3651,3
3652,2
3653,3
3654,2
3655,3
3656,3
3657,4
3658,3
3659,2
3660,3
3661,3
3662,3
3663,2
3664,3
3665,2
3666,2
3667,4
3668,2
3669,3
3670,3
3671,2
3672,3
3673,4
3674,3
3675,3
3676,3
3677,2
3678,2
3679,2
3680,3
3681,2
3682,3
3683,4
3684,3
3685,3
3686,3
3687,2
3688,2
3689,4
3690,3
3691,2
3692,4
3693,2
3694,4
3695,3
3696,2
3697,4
3698,3
3699,2
3700,2
3701,2
3702,2
3703,3
3704,3
3705,2
3706,3
3707,4
3708,2
3709,3
3710,2
3711,2
3712,2
3713,2
3714,2
3715,2
3716,2
3717,3
3718,3
3719,2
3720,2
3721,2
3722,2
3723,4
3724,3
3725,2
3726,3
3727,2
3728,2
3729,3
3730,2
3731,3
3732,3
3733,3
3734,3
3735,3
3736,2
3737,2
3738,2
3739,4
3740,3
3741,2
3742,3
3743,2
3744,3
3745,3
3746,3
3747,2
3748,4
3749,4
3750,3
3751,3
3752,3
3753,3
3754,3
3755,2
3756,4
3757,3
3758,3
3759,2
3760,2
3761,2
3762,2
3763,1
3764,3
3765,2
3766,2
3767,3
3768,2
3769,2
3770,2
3771,2
3772,4
3773,4
3774,4
3775,2
3776,4
3777,3
3778,2
3779,3
3780,3
3781,3
3782,4
3783,3
3784,2
3785,5
3786,2
3787,2
3788,2
3789,2
3790,3
3791,2
3792,3
3793,2
3794,3
3795,2
3796,3
3797,2
3798,3
3799,2
3800,2
3801,2
3802,3
3803,3
3804,2
3805,2
3806,2
3807,2
3808,2
3809,2
3810,3
3811,4
3812,2
3813,2
3814,3
3815,2
3816,4
3817,2
3818,3
3819,2
3820,2
3821,5
3822,3
3823,3
3824,3
3825,2
3826,2
3827,2
3828,2
3829,3
3830,2
3831,2
3832,2
3833,4
3834,2
3835,2
3836,3
3837,2
3838,4
3839,3
3840,2
3841,3
3842,2
3843,4
3844,3
3845,2
3846,3
3847,3
3848,3
3849,4
3850,2
3851,1
3852,2
3853,2
3854,2
3855,2
3856,3
3857,2
3858,3
3859,3
3860,2
3861,3
3862,3
3863,3
3864,2
3865,2
3866,2
3867,2
3868,4
3869,2
3870,4
3871,2
3872,2
3873,2
3874,3
3875,4
3876,2
3877,2
3878,3
3879,4
3880,3
3881,4
3882,2
3883,2
3884,2
3885,2
3886,2
3887,2
3888,2
3889,3
3890,4
3891,2
3892,2
3893,4
3894,4
3895,3
3896,4
3897,2
3898,3
3899,3
3900,3
3901,4
3902,4
3903,2
3904,2
3905,4
3906,3
3907,2
3908,2
3909,2
3910,2
3911,4
3912,2
3913,2
3914,2
3915,2
3916,2
3917,4
3918,3
3919,3
3920,3
3921,2
3922,3
3923,3
3924,3
3925,2
3926,2
3927,2
3928,2
3929,4
3930,2
3931,2
3932,2
3933,2
3934,4
3935,3
3936,4
3937,3
3938,3
3939,2
3940,3
3941,3
3942,3
3943,4
3944,2
3945,2
3946,2
3947,4
3948,3
3949,2
3950,2
3951,2
3952,2
3953,2
3954,3
3955,3
3956,3
3957,2
3958,2
3959,3
3960,2
3961,2
3962,2
3963,2
3964,3
3965,3
3966,3
3967,2
3968,2
3969,4
3970,4
3971,2
3972,3
3973,2
3974,2
3975,2
3976,2
3977,4
3978,2
3979,2
3980,2
3981,3
3982,2
3983,2
3984,2
3985,2
3986,3
3987,3
3988,3
3989,4
3990,2
3991,3
3992,3
3993,3
3994,2
3995,2
3996,2
3997,2
3998,2
3999,2
4000,2
4001,2
4002,2
4003,2
4004,2
4005,2
4006,2
4007,2
4008,2
4009,3
4010,2
4011,2
4012,2
4013,2
4014,2
4015,3
4016,2
4017,3
4018,3
4019,2
4020,3
4021,2
4022,3
4023,3
4024,2
4025,2
4026,2
4027,3
4028,3
4029,3
4030,3
4031,3
4032,3
4033,2
4034,2
4035,3
4036,2
4037,3
4038,3
4039,3
4040,3
4041,3
4042,3
4043,3
4044,2
4045,2
4046,2
4047,3
4048,3
4049,3
4050,3
4051,3
4052,2
4053,2
4054,3
4055,3
4056,2
4057,3
4058,3
4059,2
4060,2
4061,3
4062,2
4063,2
4064,2
4065,2
4066,2
4067,2
4068,2
4069,2
4070,2
4071,4
4072,3
4073,2
4074,2
4075,2
4076,2
4077,3
4078,4
4079,2
4080,2
4081,2
4082,3
4083,2
4084,2
4085,3
4086,3
4087,2
4088,2
4089,3
4090,3
4091,3
4092,3
4093,2
4094,2
4095,2
4096,2
4097,3
4098,4
4099,3
4100,2
4101,2
4102,3
4103,4
4104,3
4105,3
4106,3
4107,4
4108,4
4109,3
4110,3
4111,3
4112,1
4113,3
4114,3
4115,3
4116,3
4117,3
4118,2
4119,2
4120,2
4121,2
4122,2
4123,2
4124,3
4125,1
4126,3
4127,3
4128,2
4129,3
4130,3
4131,3
4132,2
4133,3
4134,2
4135,3
4136,3
4137,3
4138,3
4139,3
4140,2
4141,3
4142,2
4143,4
4144,2
4145,1
4146,3
4147,2
4148,3
4149,3
4150,2
4151,2
4152,2
4153,2
4154,4
4155,3
4156,3
4157,4
4158,3
4159,4
4160,3
4161,1
4162,2
4163,3
4164,3
4165,3
4166,3
4167,1
4168,4
4169,2
4170,2
4171,4
4172,2
4173,3
4174,3
4175,2
4176,3
4177,3
4178,3
4179,3
4180,2
4181,2
4182,3
4183,3
4184,3
4185,2
4186,3
4187,2
4188,3
4189,4
4190,3
4191,2
4192,2
4193,2
4194,3
4195,3
4196,2
4197,2
4198,2
4199,2
4200,2
4201,2
4202,3
4203,3
4204,2
4205,2
4206,2
4207,3
4208,3
4209,2
4210,3
4211,3
4212,3
4213,2
4214,4
4215,4
4216,3
4217,4
4218,3
4219,4
4220,3
4221,2
4222,3
4223,3
4224,2
4225,3
4226,3
4227,3
4228,2
4229,3
4230,2
4231,2
4232,2
4233,3
4234,2
4235,3
4236,3
4237,3
4238,3
4239,2
4240,2
4241,2
4242,2
4243,2
4244,2
4245,3
4246,2
4247,2
4248,2
4249,3
4250,2
4251,2
4252,2
4253,2
4254,2
4255,3
4256,2
4257,2
4258,2
4259,2
4260,2
4261,4
4262,3
4263,3
4264,2
4265,3
4266,2
4267,2
4268,3
4269,2
4270,3
4271,4
4272,2
4273,2
4274,3
4275,2
4276,1
4277,1
4278,3
4279,2
4280,3
4281,2
4282,2
4283,2
4284,2
4285,2
4286,3
4287,3
4288,2
4289,2
4290,2
4291,2
4292,4
4293,2
4294,3
4295,2
4296,2
4297,3
4298,2
4299,2
4300,3
4301,2
4302,2
4303,2
4304,3
4305,2
4306,2
4307,2
4308,2
4309,2
4310,3
4311,2
4312,1
4313,3
4314,2
4315,2
4316,3
4317,2
4318,3
4319,3
4320,2
4321,1
4322,1
4323,1
4324,2
4325,2
4326,4
4327,4
4328,3
4329,2
4330,4
4331,3
4332,3
4333,3
4334,2
4335,2
4336,3
4337,4
4338,2
4339,3
4340,3
4341,3
4342,4
4343,2
4344,3
4345,3
4346,2
4347,3
4348,2
4349,3
4350,2
4351,4
4352,2
4353,2
4354,2
4355,2
4356,4
4357,3
4358,3
4359,3
4360,4
4361,4
4362,3
4363,3
4364,3
4365,3
4366,4
4367,3
4368,4
4369,4
4370,4
4371,4
4372,4
4373,4
4374,4
4375,4
4376,2
4377,3
4378,4
4379,3
4380,3
4381,3
4382,4
4383,5
4384,2
4385,2
4386,4
4387,3
4388,4
4389,3
4390,4
4391,3
4392,3
4393,4
4394,3
4395,2
4396,2
4397,2
4398,2
4399,2
4400,2
4401,2
4402,2
4403,3
4404,2
4405,3
4406,3
4407,3
4408,1
4409,3
4410,3
4411,2
4412,2
4413,2
4414,2
4415,2
4416,2
4417,2
4418,4
4419,2
4420,3
4421,3
4422,2
4423,2
4424,3
4425,3
4426,3
4427,4
4428,3
4429,2
4430,2
4431,2
4432,2
4433,2
4434,2
4435,2
4436,2
4437,2
4438,2
4439,2
4440,2
4441,3
4442,1
4443,3
4444,2
4445,2
4446,2
4447,2
4448,3
4449,2
4450,2
4451,2
4452,3
4453,2
4454,2
4455,3
4456,2
4457,2
4458,2
4459,3
4460,2
4461,2
4462,2
4463,2
4464,2
4465,2
4466,2
4467,2
4468,3
4469,1
4470,3
4471,1
4472,4
4473,3
4474,3
4475,2
4476,2
4477,2
4478,2
4479,2
4480,2
4481,2
4482,2
4483,2
4484,2
4485,2
4486,2
4487,3
4488,3
4489,2
4490,3
4491,2
4492,3
4493,3
4494,3
4495,2
4496,3
4497,2
4498,2
4499,4
4500,3
4501,3
4502,3
4503,2
4504,2
4505,3
4506,4
4507,2
4508,2
4509,2
4510,3
4511,2
4512,4
4513,2
4514,3
4515,3
4516,3
4517,3
4518,2
4519,2
4520,2
4521,2
4522,2
4523,3
4524,2
4525,2
4526,4
4527,2
4528,3
4529,1
4530,2
4531,1
4532,2
4533,3
4534,3
4535,2
4536,3
4537,3
4538,2
4539,2
4540,3
4541,4
4542,2
4543,2
4544,2
4545,3
4546,2
4547,2
4548,2
4549,3
4550,2
4551,3
4552,2
4553,2
4554,1
4555,3
4556,1
4557,3
4558,3
4559,2
4560,4
4561,2
4562,2
4563,3
4564,3
4565,3
4566,3
4567,2
4568,3
4569,2
4570,2
4571,2
4572,4
4573,3
4574,2
4575,2
4576,3
4577,2
4578,3
4579,3
4580,3
4581,3
4582,2
4583,2
4584,2
4585,2
4586,3
4587,2
4588,2
4589,3
4590,2
4591,2
4592,3
4593,2
4594,3
4595,3
4596,3
4597,2
4598,2
4599,2
4600,2
4601,2
4602,2
4603,2
4604,2
4605,2
4606,2
4607,1
4608,2
4609,2
4610,2
4611,4
4612,3
4613,3
4614,2
4615,2
4616,4
4617,2
4618,3
4619,3
4620,2
4621,2
4622,2
4623,2
4624,3
4625,2
4626,3
4627,2
4628,2
4629,3
4630,3
4631,3
4632,3
4633,2
4634,2
4635,2
4636,3
4637,3
4638,2
4639,3
4640,3
4641,1
4642,4
4643,2
4644,3
4645,2
4646,3
4647,3
4648,2
4649,3
4650,2
4651,2
4652,3
4653,3
4654,2
4655,1
4656,3
4657,2
4658,3
4659,3
4660,2
4661,3
4662,3
4663,3
4664,2
4665,3
4666,3
4667,3
4668,1
4669,3
4670,3
4671,3
4672,2
4673,2
4674,3
4675,3
4676,3
4677,2
4678,3
4679,2
4680,2
4681,2
4682,1
4683,1
4684,2
4685,3
4686,4
4687,2
4688,3
4689,2
4690,3
4691,2
4692,3
4693,3
4694,2
4695,2
4696,3
4697,3
4698,3
4699,3
4700,3
4701,3
4702,3
4703,4
4704,4
4705,4
4706,2
4707,2
4708,1
4709,4
4710,4
4711,4
4712,3
4713,2
4714,4
4715,2
4716,3
4717,2
4718,2
4719,2
4720,2
4721,3
4722,3
4723,3
4724,2
4725,2
4726,2
4727,3
4728,3
4729,2
4730,3
4731,3
4732,2
4733,2
4734,2
4735,4
4736,2
4737,3
4738,3
4739,4
4740,4
4741,3
4742,3
4743,2
4744,3
4745,2
4746,2
4747,2
4748,2
4749,2
4750,2
4751,4
4752,3
4753,4
4754,2
4755,1
4756,3
4757,3
4758,2
4759,3
4760,3
4761,2
4762,4
4763,2
4764,4
4765,3
4766,3
4767,2
4768,2
4769,4
4770,3
4771,3
4772,4
4773,4
4774,3
4775,2
4776,2
4777,4
4778,4
4779,3
4780,2
4781,3
4782,4
4783,2
4784,4
4785,3
4786,4
4787,4
4788,4
4789,3
4790,4
4791,3
4792,3
4793,4
4794,2
4795,4
4796,2
4797,3
4798,2
4799,2
4800,1
4801,2
4802,4
4803,3
4804,1
4805,2
4806,2
4807,3
4808,2
4809,4
4810,4
4811,3
4812,4
4813,3
4814,3
4815,3
4816,4
4817,4
4818,4
4819,4
4820,3
4821,3
4822,4
4823,4
4824,3
4825,3
4826,2
4827,4
4828,4
4829,3
4830,2
4831,2
4832,2
4833,2
4834,2
4835,2
4836,2
4837,2
4838,3
4839,3
4840,3
4841,2
4842,2
4843,2
4844,4
4845,3
4846,4
4847,2
4848,4
4849,4
4850,4
4851,4
4852,2
4853,3
4854,3
4855,3
4856,3
4857,3
4858,4
4859,3
4860,2
4861,3
4862,3
4863,4
4864,3
4865,4
4866,3
4867,4
4868,4
4869,3
4870,3
4871,3
4872,2
4873,4
4874,3
4875,3
4876,2
4877,2
4878,3
4879,4
4880,2
4881,1
4882,4
4883,3
4884,3
4885,4
4886,4
4887,3
4888,3
4889,4
4890,4
4891,4
4892,4
4893,4
4894,4
4895,4
4896,4
4897,4
4898,3
4899,4
4900,3
4901,3
4902,3
4903,5
4904,3
4905,3
4906,4
4907,4
4908,2
4909,2
4910,4
4911,3
4912,3
4913,4
4914,3
4915,2
4916,3
4917,4
4918,1
4919,3
4920,3
4921,3
4922,4
4923,3
4924,4
4925,4
4926,4
4927,3
4928,4
4929,2
4930,3
4931,3
4932,3
4933,3
4934,3
4935,2
4936,4
4937,2
4938,4
4939,4
4940,3
4941,2
4942,4
4943,4
4944,2
4945,3
4946,4
4947,3
4948,4
4949,3
4950,4
4951,4
4952,3
4953,3
4954,4
4955,3
4956,3
4957,3
4958,4
4959,3
4960,4
4961,3
4962,2
4963,3
4964,3
4965,2
4966,4
4967,2
4968,4
4969,3
4970,3
4971,3
4972,4
4973,4
4974,4
4975,4
4976,4
4977,2
4978,4
4979,3
4980,3
4981,3
4982,3
4983,3
4984,4
4985,4
4986,2
4987,4
4988,4
4989,4
4990,4
4991,2
4992,3
4993,4
4994,4
4995,4
4996,3
4997,2
4998,4
4999,3